Codon,Amino acid,Frequency_Eco,Frequency_Pseudo,Frequency_Caulo,Average frequency EPC,StDev frequency EPC,Codon allowed in EPC optimization,Number of codon copies in array
GCT,Ala,0.160729889,0.040902901,0.057774228,0.086469006,0.064862697,0,0
GCC,Ala,0.270158148,0.583516052,0.584309549,0.479327916,0.181146768,1,1
GCA,Ala,0.212338526,0.041382971,0.02267779,0.092133096,0.104520238,0,0
GCG,Ala,0.356773437,0.334198075,0.335238433,0.342069982,0.012744186,1,1
CGT,Arg,0.382594395,0.104222428,0.109616223,0.198811015,0.159183923,0,0
CGC,Arg,0.401772365,0.64801096,0.596460441,0.548747922,0.129868105,1,1
CGA,Arg,0.063391959,0.030677749,0.045752758,0.046607489,0.016373845,0,0
CGG,Arg,0.096759725,0.184928073,0.21009107,0.163926289,0.059513063,0,0
AGA,Arg,0.035678365,0.006073403,0.010758608,0.017503459,0.015913302,0,0
AGG,Arg,0.019803191,0.026087386,0.0273209,0.024403826,0.00403172,0,0
AAT,Asn,0.447618138,0.140915288,0.195540485,0.26135797,0.163602004,0,0
AAC,Asn,0.552381862,0.859084712,0.804459515,0.73864203,0.163602004,1,1
GAT,Asp,0.626273388,0.196621949,0.22629084,0.349728726,0.23995369,1,1
GAC,Asp,0.373726612,0.803378051,0.77370916,0.650271274,0.23995369,1,4
TGT,Cys,0.442306451,0.099357602,0.134394834,0.225352962,0.188702184,0,0
TGC,Cys,0.557693549,0.900642398,0.865605166,0.774647038,0.188702184,1,1
CAA,Gln,0.347316513,0.146917392,0.138405252,0.210879719,0.118234357,0,0
CAG,Gln,0.652683487,0.853082608,0.861594748,0.789120281,0.118234357,1,1
GAA,Glu,0.690129113,0.385128087,0.281286382,0.452181194,0.212509256,1,1
GAG,Glu,0.309870887,0.614871913,0.718713618,0.547818806,0.212509256,1,2
GGT,Gly,0.337979981,0.097706206,0.098290004,0.177992064,0.138553908,0,0
GGC,Gly,0.405918112,0.736003264,0.729403587,0.623774988,0.188698444,1,1
GGA,Gly,0.106611545,0.048974231,0.046851105,0.067478961,0.033906434,0,0
GGG,Gly,0.149490362,0.117316299,0.125455304,0.130753988,0.016728707,0,0
CAT,His,0.569638714,0.289508895,0.288117378,0.382421662,0.162136216,1,1
CAC,His,0.430361286,0.710491105,0.711882622,0.617578338,0.162136216,1,3
ATT,Ile,0.509090455,0.068234566,0.065814139,0.21437972,0.255229853,0,0
ATC,Ile,0.42131796,0.909458972,0.922455873,0.751077602,0.285654154,1,1
ATA,Ile,0.069591585,0.022306462,0.011729988,0.034542678,0.030810466,0,0
TTA,Leu,0.129647176,0.002191393,0.002739099,0.044859223,0.073429032,0,0
TTG,Leu,0.127576696,0.069986541,0.064683614,0.087415617,0.034881434,0,0
CTT,Leu,0.103145025,0.02468337,0.057750014,0.06185947,0.039391922,0,0
CTC,Leu,0.104576815,0.223647203,0.169660597,0.165961538,0.059621318,1,1
CTA,Leu,0.036440458,0.01113383,0.013630083,0.020401457,0.013946146,0,0
CTG,Leu,0.498613831,0.668357663,0.691536594,0.619502696,0.10533235,1,4
AAA,Lys,0.766896152,0.124746831,0.07282926,0.321490748,0.386604888,0,0
AAG,Lys,0.233103848,0.875253169,0.92717074,0.678509252,0.386604888,1,1
ATG,Met,1,1,1,1,0,1,1
TTT,Phe,0.573215798,0.048094525,0.117895026,0.246401783,0.285172891,0,0
TTC,Phe,0.426784202,0.951905475,0.882104974,0.753598217,0.285172891,1,1
CCT,Pro,0.157329448,0.041402996,0.061776004,0.086836149,0.061893003,0,0
CCC,Pro,0.123363093,0.258095632,0.346377768,0.242612164,0.112310684,0,0
CCA,Pro,0.190380999,0.042038986,0.035006902,0.089142296,0.087745762,0,0
CCG,Pro,0.52892646,0.658462386,0.556839325,0.581409391,0.068173713,1,1
TCT,Ser,0.145620008,0.014769249,0.031946007,0.064111755,0.071108767,0,0
TCC,Ser,0.149089309,0.218867593,0.169468102,0.179141668,0.035880854,1,1
TCA,Ser,0.122111613,0.010275108,0.03046762,0.05428478,0.059601123,0,0
TCG,Ser,0.154267369,0.236463959,0.41688896,0.269206763,0.13433761,1,1
AGT,Ser,0.150383824,0.04752481,0.026112807,0.074673814,0.066435101,0,0
AGC,Ser,0.278527877,0.472099281,0.325116503,0.35858122,0.101031616,1,2
ACT,Thr,0.165427871,0.039305313,0.026275811,0.077002999,0.076854802,0,0
ACC,Thr,0.437406046,0.789618439,0.629348298,0.618790928,0.176343375,1,1
ACA,Thr,0.128918212,0.019045774,0.02650834,0.058157442,0.061394115,0,0
ACG,Thr,0.26824787,0.152030473,0.317867551,0.246048632,0.085118087,0,0
TGG,Trp,1,1,1,1,0,1,1
TAT,Tyr,0.567835608,0.206796528,0.459010749,0.411214295,0.185204428,1,1
TAC,Tyr,0.432164392,0.793203472,0.540989251,0.588785705,0.185204428,1,3
GTT,Val,0.259319682,0.039019737,0.068887757,0.122409058,0.119504869,0,0
GTC,Val,0.216797144,0.420216759,0.519758882,0.385590928,0.154420416,1,1
GTA,Val,0.154464655,0.057567796,0.013985711,0.075339387,0.07190588,0,0
GTG,Val,0.36941852,0.483195709,0.397367651,0.416660626,0.059291453,0,0
TAA,Stop,0.639675174,0.093682699,0.198404529,0.310587467,0.289768363,1,1
TAG,Stop,0.070765661,0.113065327,0.328358209,0.170729732,0.138138944,0,0
TGA,Stop,0.289559165,0.793251974,0.473237262,0.5186828,0.254903088,1,1
